Marka;Ana Grup;Branş;Kategori;Ürün Grubu;Cinsiyeti Açıklama;Ürün Kodu;Ürün Adı;Renk Kodu;Renk Açıklaması;Beden;Stok;Barkod;Lot barkodu;;2. lot barkodu;;tsf;tspsf
ADİDAS;TEKSTİL;FOOTBALL/SOCCER;FOOTBALL APP GENERIC MEN;JACKETS;ERKEK;IK4010;ENT22 AW JKT;10.0165;BLACK;2XL;0;4066756250003;L0000000083140;S/1 , M/2 , L/2 , XL/1;;;2.908,19;2.599,00
ADİDAS;TEKSTİL;FOOTBALL/SOCCER;FOOTBALL APP GENERIC MEN;JACKETS;ERKEK;IK4010;ENT22 AW JKT;10.0165;BLACK;L;7;4066756249892;L0000000083140;S/1 , M/2 , L/2 , XL/1;;;2.908,19;2.599,00
ADİDAS;TEKSTİL;FOOTBALL/SOCCER;FOOTBALL APP GENERIC MEN;JACKETS;ERKEK;IK4010;ENT22 AW JKT;10.0165;BLACK;XL;1;4066756250041;L0000000083140;S/1 , M/2 , L/2 , XL/1;;;2.908,19;2.599,00
ADİDAS;TEKSTİL;FOOTBALL/SOCCER;FOOTBALL APP GENERIC MEN;JACKETS;ERKEK;IK4010;ENT22 AW JKT;10.0165;BLACK;S;12;4066756250010;L0000000083140;S/1 , M/2 , L/2 , XL/1;;;2.908,19;2.599,00
ADİDAS;TEKSTİL;FOOTBALL/SOCCER;FOOTBALL APP GENERIC MEN;JACKETS;ERKEK;IK4010;ENT22 AW JKT;10.0165;BLACK;M;40;4066756249960;L0000000083140;S/1 , M/2 , L/2 , XL/1;;;2.908,19;2.599,00
ADİDAS;TEKSTİL;FOOTBALL/SOCCER;FOOTBALL APP GENERIC MEN;JACKETS;ERKEK;IK4010;ENT22 AW JKT;10.0165;BLACK;3XL;0;4066756253691;L0000000083140;S/1 , M/2 , L/2 , XL/1;;;2.908,19;2.599,00
ADİDAS;TEKSTİL;FOOTBALL/SOCCER;FOOTBALL APP GENERIC MEN;JACKETS;ERKEK;IK4010;ENT22 AW JKT;10.0165;BLACK;XS;4;4066756249977;L0000000083140;S/1 , M/2 , L/2 , XL/1;;;2.908,19;2.599,00
ADİDAS;TEKSTİL;FOOTBALL/SOCCER;SHORTS (1/4);SHORTS;ERKEK;HT6129;TIRO 23 SHO;10.0611;BLACK/WHITE;2XL;52;4065432725316;L0000000081304;S/1 , M/2 , L/2 , XL/1 , 2XL/1;L0000000082961;S/1 , M/2 , L/2 , XL/1;1.635,46;1.799,00
ADİDAS;TEKSTİL;FOOTBALL/SOCCER;SHORTS (1/4);SHORTS;ERKEK;HT6129;TIRO 23 SHO;10.0611;BLACK/WHITE;L;186;4065432728973;L0000000081304;S/1 , M/2 , L/2 , XL/1 , 2XL/1;L0000000082961;S/1 , M/2 , L/2 , XL/1;1.635,46;1.799,00
ADİDAS;TEKSTİL;FOOTBALL/SOCCER;SHORTS (1/4);SHORTS;ERKEK;HT6129;TIRO 23 SHO;10.0611;BLACK/WHITE;XL;98;4065432725248;L0000000081304;S/1 , M/2 , L/2 , XL/1 , 2XL/1;L0000000082961;S/1 , M/2 , L/2 , XL/1;1.635,46;1.799,00
ADİDAS;TEKSTİL;FOOTBALL/SOCCER;SHORTS (1/4);SHORTS;ERKEK;HT6129;TIRO 23 SHO;10.0611;BLACK/WHITE;M;312;4065432729062;L0000000081304;S/1 , M/2 , L/2 , XL/1 , 2XL/1;L0000000082961;S/1 , M/2 , L/2 , XL/1;1.635,46;1.799,00
ADİDAS;TEKSTİL;FOOTBALL/SOCCER;SHORTS (1/4);SHORTS;ERKEK;HT6129;TIRO 23 SHO;10.0611;BLACK/WHITE;S;117;4065432725309;L0000000081304;S/1 , M/2 , L/2 , XL/1 , 2XL/1;L0000000082961;S/1 , M/2 , L/2 , XL/1;1.635,46;1.799,00
ADİDAS;AYAKKABI;TENNIS;SHOES - LOW (NON FOOTBALL);SHOES;ERKEK;GW9252;GRAND COURT BASE 2.0;10.1426;FTWR WHITE;5-;0;4065426728835;L0000000084462;7/1 , 7-/1 , 8/2 , 8-/2 , 9/2 , 9-/1 , 10-/1;;;2.726,37;2.999,00
ADİDAS;AYAKKABI;TENNIS;SHOES - LOW (NON FOOTBALL);SHOES;ERKEK;GW9252;GRAND COURT BASE 2.0;10.1426;FTWR WHITE;4;0;4065426729016;L0000000084462;7/1 , 7-/1 , 8/2 , 8-/2 , 9/2 , 9-/1 , 10-/1;;;2.726,37;2.999,00
ADİDAS;AYAKKABI;TENNIS;SHOES - LOW (NON FOOTBALL);SHOES;ERKEK;GW9252;GRAND COURT BASE 2.0;10.1426;FTWR WHITE;4-;0;4065426728927;L0000000084462;7/1 , 7-/1 , 8/2 , 8-/2 , 9/2 , 9-/1 , 10-/1;;;2.726,37;2.999,00
ADİDAS;AYAKKABI;TENNIS;SHOES - LOW (NON FOOTBALL);SHOES;ERKEK;GW9252;GRAND COURT BASE 2.0;10.1426;FTWR WHITE;5;0;4065426728972;L0000000084462;7/1 , 7-/1 , 8/2 , 8-/2 , 9/2 , 9-/1 , 10-/1;;;2.726,37;2.999,00
ADİDAS;AYAKKABI;TENNIS;SHOES - LOW (NON FOOTBALL);SHOES;ERKEK;GW9252;GRAND COURT BASE 2.0;10.1426;FTWR WHITE;7;4;4065426728965;L0000000084462;7/1 , 7-/1 , 8/2 , 8-/2 , 9/2 , 9-/1 , 10-/1;;;2.726,37;2.999,00
ADİDAS;AYAKKABI;TENNIS;SHOES - LOW (NON FOOTBALL);SHOES;ERKEK;GW9252;GRAND COURT BASE 2.0;10.1426;FTWR WHITE;7-;2;4065426732627;L0000000084462;7/1 , 7-/1 , 8/2 , 8-/2 , 9/2 , 9-/1 , 10-/1;;;2.726,37;2.999,00
ADİDAS;AYAKKABI;TENNIS;SHOES - LOW (NON FOOTBALL);SHOES;ERKEK;GW9252;GRAND COURT BASE 2.0;10.1426;FTWR WHITE;6-;2;4065426728866;L0000000084462;7/1 , 7-/1 , 8/2 , 8-/2 , 9/2 , 9-/1 , 10-/1;;;2.726,37;2.999,00
ADİDAS;AYAKKABI;TENNIS;SHOES - LOW (NON FOOTBALL);SHOES;ERKEK;GW9252;GRAND COURT BASE 2.0;10.1426;FTWR WHITE;9;5;4065426729009;L0000000084462;7/1 , 7-/1 , 8/2 , 8-/2 , 9/2 , 9-/1 , 10-/1;;;2.726,37;2.999,00
ADİDAS;AYAKKABI;TENNIS;SHOES - LOW (NON FOOTBALL);SHOES;ERKEK;GW9252;GRAND COURT BASE 2.0;10.1426;FTWR WHITE;9-;2;4065426732634;L0000000084462;7/1 , 7-/1 , 8/2 , 8-/2 , 9/2 , 9-/1 , 10-/1;;;2.726,37;2.999,00
ADİDAS;AYAKKABI;TENNIS;SHOES - LOW (NON FOOTBALL);SHOES;ERKEK;GW9252;GRAND COURT BASE 2.0;10.1426;FTWR WHITE;10;1;4065426728958;L0000000084462;7/1 , 7-/1 , 8/2 , 8-/2 , 9/2 , 9-/1 , 10-/1;;;2.726,37;2.999,00
ADİDAS;AYAKKABI;TENNIS;SHOES - LOW (NON FOOTBALL);SHOES;ERKEK;GW9252;GRAND COURT BASE 2.0;10.1426;FTWR WHITE;10-;17;4065426728903;L0000000084462;7/1 , 7-/1 , 8/2 , 8-/2 , 9/2 , 9-/1 , 10-/1;;;2.726,37;2.999,00
ADİDAS;AYAKKABI;TENNIS;SHOES - LOW (NON FOOTBALL);SHOES;ERKEK;GW9252;GRAND COURT BASE 2.0;10.1426;FTWR WHITE;8;6;4065426728897;L0000000084462;7/1 , 7-/1 , 8/2 , 8-/2 , 9/2 , 9-/1 , 10-/1;;;2.726,37;2.999,00
ADİDAS;AYAKKABI;TENNIS;SHOES - LOW (NON FOOTBALL);SHOES;ERKEK;GW9252;GRAND COURT BASE 2.0;10.1426;FTWR WHITE;8-;7;4065426728989;L0000000084462;7/1 , 7-/1 , 8/2 , 8-/2 , 9/2 , 9-/1 , 10-/1;;;2.726,37;2.999,00
ADİDAS;AYAKKABI;TENNIS;SHOES - LOW (NON FOOTBALL);SHOES;ERKEK;HP9425;BREAKNET 2.0;10.1604;CBLACK/FTWWHT/FTWWHT;10-;4;4066749415013;L0000000084329;7-/2 , 8/2 , 8-/2 , 9/2 , 9-/1 , 10-/1;;;2.726,37;2.999,00
ADİDAS;AYAKKABI;TENNIS;SHOES - LOW (NON FOOTBALL);SHOES;ERKEK;HP9425;BREAKNET 2.0;10.1604;CBLACK/FTWWHT/FTWWHT;5;3;4067889905587;L0000000084329;7-/2 , 8/2 , 8-/2 , 9/2 , 9-/1 , 10-/1;;;2.726,37;2.999,00
ADİDAS;AYAKKABI;TENNIS;SHOES - LOW (NON FOOTBALL);SHOES;ERKEK;HP9425;BREAKNET 2.0;10.1604;CBLACK/FTWWHT/FTWWHT;13-;0;4066749415112;L0000000084329;7-/2 , 8/2 , 8-/2 , 9/2 , 9-/1 , 10-/1;;;2.726,37;2.999,00
ADİDAS;AYAKKABI;TENNIS;SHOES - LOW (NON FOOTBALL);SHOES;ERKEK;HP9425;BREAKNET 2.0;10.1604;CBLACK/FTWWHT/FTWWHT;4;1;4067889905570;L0000000084329;7-/2 , 8/2 , 8-/2 , 9/2 , 9-/1 , 10-/1;;;2.726,37;2.999,00
ADİDAS;AYAKKABI;TENNIS;SHOES - LOW (NON FOOTBALL);SHOES;ERKEK;HP9425;BREAKNET 2.0;10.1604;CBLACK/FTWWHT/FTWWHT;4-;1;4067889905549;L0000000084329;7-/2 , 8/2 , 8-/2 , 9/2 , 9-/1 , 10-/1;;;2.726,37;2.999,00
ADİDAS;AYAKKABI;TENNIS;SHOES - LOW (NON FOOTBALL);SHOES;ERKEK;HP9425;BREAKNET 2.0;10.1604;CBLACK/FTWWHT/FTWWHT;9;0;4066749415068;L0000000084329;7-/2 , 8/2 , 8-/2 , 9/2 , 9-/1 , 10-/1;;;2.726,37;2.999,00
ADİDAS;AYAKKABI;TENNIS;SHOES - LOW (NON FOOTBALL);SHOES;ERKEK;HP9425;BREAKNET 2.0;10.1604;CBLACK/FTWWHT/FTWWHT;5-;0;4067889905563;L0000000084329;7-/2 , 8/2 , 8-/2 , 9/2 , 9-/1 , 10-/1;;;2.726,37;2.999,00
ADİDAS;AYAKKABI;TENNIS;SHOES - LOW (NON FOOTBALL);SHOES;ERKEK;HP9425;BREAKNET 2.0;10.1604;CBLACK/FTWWHT/FTWWHT;9-;2;4066749415044;L0000000084329;7-/2 , 8/2 , 8-/2 , 9/2 , 9-/1 , 10-/1;;;2.726,37;2.999,00
ADİDAS;AYAKKABI;TENNIS;SHOES - LOW (NON FOOTBALL);SHOES;ERKEK;HP9425;BREAKNET 2.0;10.1604;CBLACK/FTWWHT/FTWWHT;3-;4;4067889905556;L0000000084329;7-/2 , 8/2 , 8-/2 , 9/2 , 9-/1 , 10-/1;;;2.726,37;2.999,00
ADİDAS;AYAKKABI;TENNIS;SHOES - LOW (NON FOOTBALL);SHOES;ERKEK;HP9425;BREAKNET 2.0;10.1604;CBLACK/FTWWHT/FTWWHT;6;14;4066749415099;L0000000084329;7-/2 , 8/2 , 8-/2 , 9/2 , 9-/1 , 10-/1;;;2.726,37;2.999,00
ADİDAS;AYAKKABI;TENNIS;SHOES - LOW (NON FOOTBALL);SHOES;ERKEK;HP9425;BREAKNET 2.0;10.1604;CBLACK/FTWWHT/FTWWHT;6-;0;4066749415075;L0000000084329;7-/2 , 8/2 , 8-/2 , 9/2 , 9-/1 , 10-/1;;;2.726,37;2.999,00
ADİDAS;AYAKKABI;TENNIS;SHOES - LOW (NON FOOTBALL);SHOES;ERKEK;HP9425;BREAKNET 2.0;10.1604;CBLACK/FTWWHT/FTWWHT;7;1;4066749411398;L0000000084329;7-/2 , 8/2 , 8-/2 , 9/2 , 9-/1 , 10-/1;;;2.726,37;2.999,00
ADİDAS;AYAKKABI;TENNIS;SHOES - LOW (NON FOOTBALL);SHOES;ERKEK;HP9425;BREAKNET 2.0;10.1604;CBLACK/FTWWHT/FTWWHT;7-;3;4066749415129;L0000000084329;7-/2 , 8/2 , 8-/2 , 9/2 , 9-/1 , 10-/1;;;2.726,37;2.999,00
ADİDAS;AYAKKABI;TENNIS;SHOES - LOW (NON FOOTBALL);SHOES;ERKEK;HP9425;BREAKNET 2.0;10.1604;CBLACK/FTWWHT/FTWWHT;8;1;4066749415006;L0000000084329;7-/2 , 8/2 , 8-/2 , 9/2 , 9-/1 , 10-/1;;;2.726,37;2.999,00
ADİDAS;AYAKKABI;TENNIS;SHOES - LOW (NON FOOTBALL);SHOES;ERKEK;HP9425;BREAKNET 2.0;10.1604;CBLACK/FTWWHT/FTWWHT;8-;3;4066749415051;L0000000084329;7-/2 , 8/2 , 8-/2 , 9/2 , 9-/1 , 10-/1;;;2.726,37;2.999,00
ADİDAS;AYAKKABI;SPORTSWEAR;SHOES - LOW (NON FOOTBALL);SHOES;ERKEK;ID3709;VL COURT BASE;10.3912;FTWWHT/SHANAV/GREONE;4;4;4067889786964;L0000000084417;6-/1 , 7/1 , 7-/2 , 8/2 , 8-/2 , 9/2 , 9-/1 , 10/1 , 10-/1;L0000000084781;7/1 , 7-/2 , 8/2 , 8-/2 , 9/2 , 9-/1 , 10/1 , 10-/1;2.817,27;3.099,00
ADİDAS;AYAKKABI;SPORTSWEAR;SHOES - LOW (NON FOOTBALL);SHOES;ERKEK;ID3709;VL COURT BASE;10.3912;FTWWHT/SHANAV/GREONE;9;152;4067886618312;L0000000084417;6-/1 , 7/1 , 7-/2 , 8/2 , 8-/2 , 9/2 , 9-/1 , 10/1 , 10-/1;L0000000084781;7/1 , 7-/2 , 8/2 , 8-/2 , 9/2 , 9-/1 , 10/1 , 10-/1;2.817,27;3.099,00
ADİDAS;AYAKKABI;SPORTSWEAR;SHOES - LOW (NON FOOTBALL);SHOES;ERKEK;ID3709;VL COURT BASE;10.3912;FTWWHT/SHANAV/GREONE;10-;57;4067886618404;L0000000084417;6-/1 , 7/1 , 7-/2 , 8/2 , 8-/2 , 9/2 , 9-/1 , 10/1 , 10-/1;L0000000084781;7/1 , 7-/2 , 8/2 , 8-/2 , 9/2 , 9-/1 , 10/1 , 10-/1;2.817,27;3.099,00
ADİDAS;AYAKKABI;SPORTSWEAR;SHOES - LOW (NON FOOTBALL);SHOES;ERKEK;ID3709;VL COURT BASE;10.3912;FTWWHT/SHANAV/GREONE;11;7;4067886618350;L0000000084417;6-/1 , 7/1 , 7-/2 , 8/2 , 8-/2 , 9/2 , 9-/1 , 10/1 , 10-/1;L0000000084781;7/1 , 7-/2 , 8/2 , 8-/2 , 9/2 , 9-/1 , 10/1 , 10-/1;2.817,27;3.099,00
ADİDAS;AYAKKABI;SPORTSWEAR;SHOES - LOW (NON FOOTBALL);SHOES;ERKEK;ID3709;VL COURT BASE;10.3912;FTWWHT/SHANAV/GREONE;6-;53;4067886618428;L0000000084417;6-/1 , 7/1 , 7-/2 , 8/2 , 8-/2 , 9/2 , 9-/1 , 10/1 , 10-/1;L0000000084781;7/1 , 7-/2 , 8/2 , 8-/2 , 9/2 , 9-/1 , 10/1 , 10-/1;2.817,27;3.099,00
ADİDAS;AYAKKABI;SPORTSWEAR;SHOES - LOW (NON FOOTBALL);SHOES;ERKEK;ID3709;VL COURT BASE;10.3912;FTWWHT/SHANAV/GREONE;7;65;4067886618435;L0000000084417;6-/1 , 7/1 , 7-/2 , 8/2 , 8-/2 , 9/2 , 9-/1 , 10/1 , 10-/1;L0000000084781;7/1 , 7-/2 , 8/2 , 8-/2 , 9/2 , 9-/1 , 10/1 , 10-/1;2.817,27;3.099,00
ADİDAS;AYAKKABI;SPORTSWEAR;SHOES - LOW (NON FOOTBALL);SHOES;ERKEK;ID3709;VL COURT BASE;10.3912;FTWWHT/SHANAV/GREONE;7-;151;4067886618398;L0000000084417;6-/1 , 7/1 , 7-/2 , 8/2 , 8-/2 , 9/2 , 9-/1 , 10/1 , 10-/1;L0000000084781;7/1 , 7-/2 , 8/2 , 8-/2 , 9/2 , 9-/1 , 10/1 , 10-/1;2.817,27;3.099,00
ADİDAS;AYAKKABI;SPORTSWEAR;SHOES - LOW (NON FOOTBALL);SHOES;ERKEK;ID3709;VL COURT BASE;10.3912;FTWWHT/SHANAV/GREONE;8;152;4067886618329;L0000000084417;6-/1 , 7/1 , 7-/2 , 8/2 , 8-/2 , 9/2 , 9-/1 , 10/1 , 10-/1;L0000000084781;7/1 , 7-/2 , 8/2 , 8-/2 , 9/2 , 9-/1 , 10/1 , 10-/1;2.817,27;3.099,00
ADİDAS;AYAKKABI;SPORTSWEAR;SHOES - LOW (NON FOOTBALL);SHOES;ERKEK;ID3709;VL COURT BASE;10.3912;FTWWHT/SHANAV/GREONE;8-;153;4067886618411;L0000000084417;6-/1 , 7/1 , 7-/2 , 8/2 , 8-/2 , 9/2 , 9-/1 , 10/1 , 10-/1;L0000000084781;7/1 , 7-/2 , 8/2 , 8-/2 , 9/2 , 9-/1 , 10/1 , 10-/1;2.817,27;3.099,00
ADİDAS;AYAKKABI;SPORTSWEAR;SHOES - LOW (NON FOOTBALL);SHOES;ERKEK;ID3709;VL COURT BASE;10.3912;FTWWHT/SHANAV/GREONE;10;75;4067886618381;L0000000084417;6-/1 , 7/1 , 7-/2 , 8/2 , 8-/2 , 9/2 , 9-/1 , 10/1 , 10-/1;L0000000084781;7/1 , 7-/2 , 8/2 , 8-/2 , 9/2 , 9-/1 , 10/1 , 10-/1;2.817,27;3.099,00
ADİDAS;AYAKKABI;SPORTSWEAR;SHOES - LOW (NON FOOTBALL);SHOES;ERKEK;ID3709;VL COURT BASE;10.3912;FTWWHT/SHANAV/GREONE;5-;4;4067889786988;L0000000084417;6-/1 , 7/1 , 7-/2 , 8/2 , 8-/2 , 9/2 , 9-/1 , 10/1 , 10-/1;L0000000084781;7/1 , 7-/2 , 8/2 , 8-/2 , 9/2 , 9-/1 , 10/1 , 10-/1;2.817,27;3.099,00
ADİDAS;AYAKKABI;SPORTSWEAR;SHOES - LOW (NON FOOTBALL);SHOES;ERKEK;ID3709;VL COURT BASE;10.3912;FTWWHT/SHANAV/GREONE;9-;76;4067886618367;L0000000084417;6-/1 , 7/1 , 7-/2 , 8/2 , 8-/2 , 9/2 , 9-/1 , 10/1 , 10-/1;L0000000084781;7/1 , 7-/2 , 8/2 , 8-/2 , 9/2 , 9-/1 , 10/1 , 10-/1;2.817,27;3.099,00
ADİDAS;TEKSTİL;FOOTBALL/SOCCER;FOOTBALL APP GENERIC MEN;SHORTS;ERKEK;IB8087;TIRO 23 SHO;10.2687;TEAGRN/WHITE;S;17;4065432796071;L0000000081405;S/1 , M/2 , L/2 , XL/1 , 2XL/1;L0000000083081;S/1 , M/2 , L/2 , XL/1;1.180,91;1.299,00
ADİDAS;TEKSTİL;FOOTBALL/SOCCER;FOOTBALL APP GENERIC MEN;SHORTS;ERKEK;IB8087;TIRO 23 SHO;10.2687;TEAGRN/WHITE;L;29;4065432796040;L0000000081405;S/1 , M/2 , L/2 , XL/1 , 2XL/1;L0000000083081;S/1 , M/2 , L/2 , XL/1;1.180,91;1.299,00
ADİDAS;TEKSTİL;FOOTBALL/SOCCER;FOOTBALL APP GENERIC MEN;SHORTS;ERKEK;IB8087;TIRO 23 SHO;10.2687;TEAGRN/WHITE;2XL;2;4065432799126;L0000000081405;S/1 , M/2 , L/2 , XL/1 , 2XL/1;L0000000083081;S/1 , M/2 , L/2 , XL/1;1.180,91;1.299,00
ADİDAS;TEKSTİL;FOOTBALL/SOCCER;FOOTBALL APP GENERIC MEN;SHORTS;ERKEK;IB8087;TIRO 23 SHO;10.2687;TEAGRN/WHITE;XL;17;4065432799065;L0000000081405;S/1 , M/2 , L/2 , XL/1 , 2XL/1;L0000000083081;S/1 , M/2 , L/2 , XL/1;1.180,91;1.299,00
ADİDAS;TEKSTİL;FOOTBALL/SOCCER;FOOTBALL APP GENERIC MEN;SHORTS;ERKEK;IB8087;TIRO 23 SHO;10.2687;TEAGRN/WHITE;M;46;4065432799072;L0000000081405;S/1 , M/2 , L/2 , XL/1 , 2XL/1;L0000000083081;S/1 , M/2 , L/2 , XL/1;1.180,91;1.299,00
JOMA;AYAKKABI;GÜNLÜK YAŞAM;GÜNLÜK;SPOR AYAKKABI;KADIN;CATRLW2501;ATREYU LADY 2501 BLACK;20.001;SİYAH;37;4;8447368130864;L0000000080301;Kadın 6'li 37 × 1  38 × 2  39 × 2  40 × 1;;;2.362,19;3.779,50
JOMA;AYAKKABI;GÜNLÜK YAŞAM;GÜNLÜK;SPOR AYAKKABI;KADIN;CATRLW2501;ATREYU LADY 2501 BLACK;20.001;SİYAH;40;5;8447368130895;L0000000080301;Kadın 6'li 37 × 1  38 × 2  39 × 2  40 × 1;;;2.362,19;3.779,50
JOMA;AYAKKABI;GÜNLÜK YAŞAM;GÜNLÜK;SPOR AYAKKABI;KADIN;CATRLW2501;ATREYU LADY 2501 BLACK;20.001;SİYAH;36;1;8447368436386;L0000000080301;Kadın 6'li 37 × 1  38 × 2  39 × 2  40 × 1;;;2.362,19;3.779,50
JOMA;AYAKKABI;GÜNLÜK YAŞAM;GÜNLÜK;SPOR AYAKKABI;KADIN;CATRLW2501;ATREYU LADY 2501 BLACK;20.001;SİYAH;38;6;8447368130871;L0000000080301;Kadın 6'li 37 × 1  38 × 2  39 × 2  40 × 1;;;2.362,19;3.779,50
JOMA;AYAKKABI;GÜNLÜK YAŞAM;GÜNLÜK;SPOR AYAKKABI;KADIN;CATRLW2501;ATREYU LADY 2501 BLACK;20.001;SİYAH;39;6;8447368130888;L0000000080301;Kadın 6'li 37 × 1  38 × 2  39 × 2  40 × 1;;;2.362,19;3.779,50
JOMA;AYAKKABI;GÜNLÜK YAŞAM;GÜNLÜK;SPOR AYAKKABI;KADIN;CATRLW2501;ATREYU LADY 2501 BLACK;20.001;SİYAH;41;3;8447368130918;L0000000080301;Kadın 6'li 37 × 1  38 × 2  39 × 2  40 × 1;;;2.362,19;3.779,50
JOMA;TEKSTİL;FUTBOL;ANTRENMAN;EŞOFMAN ALTI;ERKEK;102752.102;ECO CHAMPIONSHIP LONG PANTS BLACK WHITE;20.111;SİYAH - BEYAZ;M;29;8445456371854;L0000000074966;S = 1 M = 2 L = 2 XL = 1;L0000000074979;S = 1 M = 2 L = 2;1.566,00;2.505,00
JOMA;TEKSTİL;FUTBOL;ANTRENMAN;EŞOFMAN ALTI;ERKEK;102752.102;ECO CHAMPIONSHIP LONG PANTS BLACK WHITE;20.111;SİYAH - BEYAZ;2XL;0;8445456371885;L0000000074966;S = 1 M = 2 L = 2 XL = 1;L0000000074979;S = 1 M = 2 L = 2;1.566,00;2.505,00
JOMA;TEKSTİL;FUTBOL;ANTRENMAN;EŞOFMAN ALTI;ERKEK;102752.102;ECO CHAMPIONSHIP LONG PANTS BLACK WHITE;20.111;SİYAH - BEYAZ;3XL;6;8445456371892;L0000000074966;S = 1 M = 2 L = 2 XL = 1;L0000000074979;S = 1 M = 2 L = 2;1.566,00;2.505,00
JOMA;TEKSTİL;FUTBOL;ANTRENMAN;EŞOFMAN ALTI;ERKEK;102752.102;ECO CHAMPIONSHIP LONG PANTS BLACK WHITE;20.111;SİYAH - BEYAZ;XL;9;8445456371878;L0000000074966;S = 1 M = 2 L = 2 XL = 1;L0000000074979;S = 1 M = 2 L = 2;1.566,00;2.505,00
JOMA;TEKSTİL;FUTBOL;ANTRENMAN;EŞOFMAN ALTI;ERKEK;102752.102;ECO CHAMPIONSHIP LONG PANTS BLACK WHITE;20.111;SİYAH - BEYAZ;L;32;8445456371861;L0000000074966;S = 1 M = 2 L = 2 XL = 1;L0000000074979;S = 1 M = 2 L = 2;1.566,00;2.505,00
JOMA;TEKSTİL;FUTBOL;ANTRENMAN;EŞOFMAN ALTI;ERKEK;102752.102;ECO CHAMPIONSHIP LONG PANTS BLACK WHITE;20.111;SİYAH - BEYAZ;S;16;8445456371847;L0000000074966;S = 1 M = 2 L = 2 XL = 1;L0000000074979;S = 1 M = 2 L = 2;1.566,00;2.505,00
JOMA;TEKSTİL;FUTBOL;MAÇ;FUTBOL FORMA;ERKEK;103150.102;CAMISETA MANGA CORTA WINNER III NEGRO BLANCO;20.111;SİYAH - BEYAZ;M;41;8445954508639;L0000000075161;S = 1 M = 2 L = 3 XL = 1 2XL = 1;L0000000075174;S = 1 M = 1 L = 1 XL = 1;785,00;1.256,00
JOMA;TEKSTİL;FUTBOL;MAÇ;FUTBOL FORMA;ERKEK;103150.102;CAMISETA MANGA CORTA WINNER III NEGRO BLANCO;20.111;SİYAH - BEYAZ;L;40;8445954508646;L0000000075161;S = 1 M = 2 L = 3 XL = 1 2XL = 1;L0000000075174;S = 1 M = 1 L = 1 XL = 1;785,00;1.256,00
JOMA;TEKSTİL;FUTBOL;MAÇ;FUTBOL FORMA;ERKEK;103150.102;CAMISETA MANGA CORTA WINNER III NEGRO BLANCO;20.111;SİYAH - BEYAZ;XL;38;8445954508653;L0000000075161;S = 1 M = 2 L = 3 XL = 1 2XL = 1;L0000000075174;S = 1 M = 1 L = 1 XL = 1;785,00;1.256,00
JOMA;TEKSTİL;FUTBOL;MAÇ;FUTBOL FORMA;ERKEK;103150.102;CAMISETA MANGA CORTA WINNER III NEGRO BLANCO;20.111;SİYAH - BEYAZ;2XL;20;8445954508660;L0000000075161;S = 1 M = 2 L = 3 XL = 1 2XL = 1;L0000000075174;S = 1 M = 1 L = 1 XL = 1;785,00;1.256,00
JOMA;TEKSTİL;FUTBOL;MAÇ;FUTBOL FORMA;ERKEK;103150.102;CAMISETA MANGA CORTA WINNER III NEGRO BLANCO;20.111;SİYAH - BEYAZ;S;15;8445954508622;L0000000075161;S = 1 M = 2 L = 3 XL = 1 2XL = 1;L0000000075174;S = 1 M = 1 L = 1 XL = 1;785,00;1.256,00
ADİDAS;TEKSTİL;FOOTBALL/SOCCER;FOOTBALL APP GENERIC MEN;SWEATSHIRTS;ERKEK;HI2128;ENT22 TR TOP;21.094;TMYELL/BLACK;2XL;5;4065425167925;L0000000081203;S/1 , M/2 , L/2 , XL/1 , 2XL/1;L0000000082857;S/1 , M/2 , L/2 , XL/1;1.362,73;1.499,00
ADİDAS;TEKSTİL;FOOTBALL/SOCCER;FOOTBALL APP GENERIC MEN;SWEATSHIRTS;ERKEK;HI2128;ENT22 TR TOP;21.094;TMYELL/BLACK;XL;16;4065425167819;L0000000081203;S/1 , M/2 , L/2 , XL/1 , 2XL/1;L0000000082857;S/1 , M/2 , L/2 , XL/1;1.362,73;1.499,00
ADİDAS;TEKSTİL;FOOTBALL/SOCCER;FOOTBALL APP GENERIC MEN;SWEATSHIRTS;ERKEK;HI2128;ENT22 TR TOP;21.094;TMYELL/BLACK;M;39;4065425167840;L0000000081203;S/1 , M/2 , L/2 , XL/1 , 2XL/1;L0000000082857;S/1 , M/2 , L/2 , XL/1;1.362,73;1.499,00
ADİDAS;TEKSTİL;FOOTBALL/SOCCER;FOOTBALL APP GENERIC MEN;SWEATSHIRTS;ERKEK;HI2128;ENT22 TR TOP;21.094;TMYELL/BLACK;L;39;4065425167888;L0000000081203;S/1 , M/2 , L/2 , XL/1 , 2XL/1;L0000000082857;S/1 , M/2 , L/2 , XL/1;1.362,73;1.499,00
ADİDAS;TEKSTİL;FOOTBALL/SOCCER;FOOTBALL APP GENERIC MEN;SWEATSHIRTS;ERKEK;HI2128;ENT22 TR TOP;21.094;TMYELL/BLACK;S;16;4065425167895;L0000000081203;S/1 , M/2 , L/2 , XL/1 , 2XL/1;L0000000082857;S/1 , M/2 , L/2 , XL/1;1.362,73;1.499,00
JOMA;AYAKKABI;GÜNLÜK YAŞAM;GÜNLÜK;SPOR AYAKKABI;KADIN;C3080LS2416;C.3080 LADY 2416 BEIGE VERDE ROSA;21.188;BEJ;37;0;8445954234354;L0000000080617;Kadın 5'li (39-41) 39 × 2  40 × 2  41 × 1;;;1.605,94;2.569,50
JOMA;AYAKKABI;GÜNLÜK YAŞAM;GÜNLÜK;SPOR AYAKKABI;KADIN;C3080LS2416;C.3080 LADY 2416 BEIGE VERDE ROSA;21.188;BEJ;39;4;8445954234385;L0000000080617;Kadın 5'li (39-41) 39 × 2  40 × 2  41 × 1;;;1.605,94;2.569,50
JOMA;AYAKKABI;GÜNLÜK YAŞAM;GÜNLÜK;SPOR AYAKKABI;KADIN;C3080LS2416;C.3080 LADY 2416 BEIGE VERDE ROSA;21.188;BEJ;41;4;8445954234415;L0000000080617;Kadın 5'li (39-41) 39 × 2  40 × 2  41 × 1;;;1.605,94;2.569,50
JOMA;AYAKKABI;GÜNLÜK YAŞAM;GÜNLÜK;SPOR AYAKKABI;KADIN;C3080LS2416;C.3080 LADY 2416 BEIGE VERDE ROSA;21.188;BEJ;40;3;8445954234392;L0000000080617;Kadın 5'li (39-41) 39 × 2  40 × 2  41 × 1;;;1.605,94;2.569,50
JOMA;AYAKKABI;GÜNLÜK YAŞAM;GÜNLÜK;SPOR AYAKKABI;KADIN;C3080LS2416;C.3080 LADY 2416 BEIGE VERDE ROSA;21.188;BEJ;38;1;8445954234378;L0000000080617;Kadın 5'li (39-41) 39 × 2  40 × 2  41 × 1;;;1.605,94;2.569,50
JOMA;TEKSTİL;FUTBOL;KAMP;SWEATSHIRTS;ERKEK;103151.336;SUDADERA WINNER III MARINO ROJO;26.293;LACİVERT -  KIRMIZI;2XL;4;8445954511004;L0000000075363;S = 1 M = 3 L = 2 XL = 1 2XL = 1;;;1.622,00;2.594,00
JOMA;TEKSTİL;FUTBOL;KAMP;SWEATSHIRTS;ERKEK;103151.336;SUDADERA WINNER III MARINO ROJO;26.293;LACİVERT -  KIRMIZI;S;11;8445954510960;L0000000075363;S = 1 M = 3 L = 2 XL = 1 2XL = 1;;;1.622,00;2.594,00
JOMA;TEKSTİL;FUTBOL;KAMP;SWEATSHIRTS;ERKEK;103151.336;SUDADERA WINNER III MARINO ROJO;26.293;LACİVERT -  KIRMIZI;M;9;8445954510977;L0000000075363;S = 1 M = 3 L = 2 XL = 1 2XL = 1;;;1.622,00;2.594,00
JOMA;TEKSTİL;FUTBOL;KAMP;SWEATSHIRTS;ERKEK;103151.336;SUDADERA WINNER III MARINO ROJO;26.293;LACİVERT -  KIRMIZI;XL;10;8445954510991;L0000000075363;S = 1 M = 3 L = 2 XL = 1 2XL = 1;;;1.622,00;2.594,00
JOMA;TEKSTİL;FUTBOL;KAMP;SWEATSHIRTS;ERKEK;103151.336;SUDADERA WINNER III MARINO ROJO;26.293;LACİVERT -  KIRMIZI;L;14;8445954510984;L0000000075363;S = 1 M = 3 L = 2 XL = 1 2XL = 1;;;1.622,00;2.594,00
